{"cameraMode":{"drawMode":0,"name":"Shaded","section":"Shading Mode"},"sceneLighting":false,"audioPlay":false,"sceneViewState":{"m_AlwaysRefresh":false,"showFog":true,"showSkybox":false,"showFlares":true,"showImageEffects":true,"showParticleSystems":true,"showVisualEffectGraphs":true,"m_FxEnabled":true},"in2DMode":false,"pivot":{"x":-7.748603820800781e-7,"y":3.4599997997283937,"z":0.5600026845932007},"rotation":{"x":0.09200748056173325,"y":-0.8863961100578308,"z":0.4070564806461334,"w":0.20035378634929658},"size":1.223232388496399,"orthographic":true}